<?xml version="1.0" encoding="UTF-8"?>
<project-private xmlns="http://www.netbeans.org/ns/project-private/1">
    <editor-bookmarks xmlns="http://www.netbeans.org/ns/editor-bookmarks/2" lastBookmarkId="0"/>
    <open-files xmlns="http://www.netbeans.org/ns/projectui-open-files/2">
        <group>
            <file>file:/C:/Users/Osvaldo%20Salazar/Documents/NetBeansProjects/CelestialSoftware/src/sa/celestial/software/clases/Version.java</file>
            <file>file:/C:/Users/Osvaldo%20Salazar/Documents/NetBeansProjects/CelestialSoftware/src/sa/celestial/software/clases/Instalacion.java</file>
            <file>file:/C:/Users/Osvaldo%20Salazar/Documents/NetBeansProjects/CelestialSoftware/src/UI/NewMain.java</file>
            <file>file:/C:/Users/Osvaldo%20Salazar/Documents/NetBeansProjects/CelestialSoftware/src/sa/celestial/software/clases/Error.java</file>
            <file>file:/C:/Users/Osvaldo%20Salazar/Documents/NetBeansProjects/CelestialSoftware/src/sa/celestial/software/multis/MultiCliente.java</file>
            <file>file:/C:/Users/Osvaldo%20Salazar/Documents/NetBeansProjects/CelestialSoftware/src/sa/celestial/software/clases/Producto.java</file>
            <file>file:/C:/Users/Osvaldo%20Salazar/Documents/NetBeansProjects/CelestialSoftware/src/sa/celestial/software/clases/Cliente.java</file>
            <file>file:/C:/Users/Osvaldo%20Salazar/Documents/NetBeansProjects/CelestialSoftware/src/sa/celestial/softeware/gestor/Gestor.java</file>
        </group>
    </open-files>
</project-private>
